{
	"id": "86e08a04-ecb9-4037-9596-adb575adddfa",
	"name": "Keshri App",
	"description": "",
	"auth": null,
	"events": null,
	"variables": null,
	"order": [
		"dfd097f7-6193-42e0-a3cc-6ff9d4aba85c",
		"8095d4ce-a445-4bb4-acf9-541d1d4a15c0",
		"026a176f-25f3-4c7c-8eed-884d5e35f666",
		"ffd7aa88-8334-489b-8761-0deece0dbd72",
		"0b0b037a-0a55-4a3d-8019-aaeff261644c"
	],
	"folders_order": [],
	"folders": [],
	"requests": [
		{
			"id": "026a176f-25f3-4c7c-8eed-884d5e35f666",
			"name": "http://localhost:8080/keshriapp/StudentEndpoint/",
			"url": "http://localhost:8080/keshriapp/StudentEndpoint/",
			"description": "Create Student",
			"data": [],
			"dataMode": "raw",
			"headerData": [
				{
					"key": "Content-Type",
					"value": "application/json",
					"description": "",
					"enabled": true
				}
			],
			"method": "POST",
			"pathVariableData": [],
			"queryParams": [],
			"auth": null,
			"events": null,
			"folder": null,
			"responses": [
				{
					"id": "c11718c7-02fd-4e22-9811-ee1b58fa4845",
					"name": "http://localhost:8080/keshriapp/StudentEndpoint/",
					"status": "",
					"mime": "",
					"language": "",
					"text": "",
					"responseCode": {
						"code": 200,
						"name": "OK"
					},
					"requestObject": {
						"url": "http://localhost:8080/keshriapp/StudentEndpoint/",
						"pathVariableData": [],
						"queryParams": [],
						"headerData": [
							{
								"key": "Content-Type",
								"value": "application/json",
								"description": "",
								"enabled": true
							}
						],
						"data": "{\n  \"studentId\": \"1\",\n  \"studentName\": \"Google 1111\"\n}",
						"method": "POST",
						"dataMode": "raw"
					},
					"headers": [],
					"cookies": [],
					"request": "026a176f-25f3-4c7c-8eed-884d5e35f666",
					"collection": "86e08a04-ecb9-4037-9596-adb575adddfa"
				}
			],
			"rawModeData": "{\n  \"studentId\": \"1\",\n  \"studentName\": \"Google 1111\"\n}",
			"headers": "Content-Type: application/json\n",
			"pathVariables": {}
		},
		{
			"id": "0b0b037a-0a55-4a3d-8019-aaeff261644c",
			"name": "http://localhost:8080/keshriapp/StudentEndpoint/1",
			"url": "http://localhost:8080/keshriapp/StudentEndpoint/1",
			"description": "Delete Student",
			"data": null,
			"dataMode": "params",
			"headerData": [
				{
					"key": "Content-Type",
					"value": "application/json",
					"description": "",
					"enabled": true
				}
			],
			"method": "DELETE",
			"pathVariableData": [],
			"queryParams": [],
			"auth": null,
			"events": null,
			"folder": null,
			"responses": [
				{
					"id": "aa368d5a-a3c0-495e-a516-1d848a3d9b0c",
					"name": "http://localhost:8080/keshriapp/StudentEndpoint/1",
					"status": "",
					"mime": "",
					"language": "",
					"text": "",
					"responseCode": {
						"code": 200,
						"name": "OK"
					},
					"requestObject": {
						"url": "http://localhost:8080/keshriapp/StudentEndpoint/1",
						"pathVariableData": [],
						"queryParams": [],
						"headerData": [
							{
								"key": "Content-Type",
								"value": "application/json",
								"description": "",
								"enabled": true
							}
						],
						"data": null,
						"method": "DELETE",
						"dataMode": "params"
					},
					"headers": [],
					"cookies": [],
					"request": "0b0b037a-0a55-4a3d-8019-aaeff261644c",
					"collection": "86e08a04-ecb9-4037-9596-adb575adddfa"
				}
			],
			"headers": "Content-Type: application/json\n",
			"pathVariables": {}
		},
		{
			"id": "8095d4ce-a445-4bb4-acf9-541d1d4a15c0",
			"name": "http://localhost:8080/keshriapp/StudentEndpoint/1",
			"url": "http://localhost:8080/keshriapp/StudentEndpoint/2",
			"description": "Get Student By Id",
			"data": null,
			"dataMode": "params",
			"headerData": [
				{
					"key": "Content-Type",
					"value": "application/json",
					"description": "",
					"enabled": true
				}
			],
			"method": "GET",
			"pathVariableData": [],
			"queryParams": [],
			"auth": null,
			"events": null,
			"folder": null,
			"responses": [
				{
					"id": "4d742638-4e79-484b-8328-e6cb36f8d0da",
					"name": "http://localhost:8080/keshriapp/StudentEndpoint/1",
					"status": "",
					"mime": "",
					"language": "plain",
					"text": "",
					"responseCode": {
						"code": 200,
						"name": "OK",
						"detail": "Standard response for successful HTTP requests. The actual response will depend on the request method used. In a GET request, the response will contain an entity corresponding to the requested resource. In a POST request the response will contain an entity describing or containing the result of the action."
					},
					"requestObject": {
						"url": "http://localhost:8080/keshriapp/StudentEndpoint/2",
						"pathVariableData": [],
						"queryParams": [],
						"headerData": [
							{
								"key": "Content-Type",
								"value": "application/json",
								"description": "",
								"enabled": true,
								"disabled": false
							}
						],
						"data": null,
						"method": "GET",
						"dataMode": "params"
					},
					"headers": [
						{
							"key": "Content-Length",
							"value": "0",
							"name": "Content-Length",
							"description": "The length of the response body in octets (8-bit bytes)"
						},
						{
							"key": "Date",
							"value": "Tue, 24 Apr 2018 19:05:10 GMT",
							"name": "Date",
							"description": "The date and time that the message was sent"
						}
					],
					"cookies": [],
					"request": "8095d4ce-a445-4bb4-acf9-541d1d4a15c0",
					"collection": "86e08a04-ecb9-4037-9596-adb575adddfa"
				}
			],
			"headers": "Content-Type: application/json\n",
			"pathVariables": {}
		},
		{
			"id": "dfd097f7-6193-42e0-a3cc-6ff9d4aba85c",
			"name": "http://localhost:8080/keshriapp/StudentEndpoint/",
			"url": "http://localhost:8080/keshriapp/StudentEndpoint/",
			"description": "Get All Students",
			"data": [],
			"dataMode": "raw",
			"headerData": [
				{
					"key": "Content-Type",
					"value": "application/json",
					"description": "",
					"enabled": true
				}
			],
			"method": "GET",
			"pathVariableData": [],
			"queryParams": [],
			"auth": null,
			"events": null,
			"folder": null,
			"responses": [
				{
					"id": "b9558cea-0ce2-4fdd-abff-c4fa4b66ad10",
					"name": "http://localhost:8080/keshriapp/StudentEndpoint/",
					"status": "",
					"mime": "",
					"language": "json",
					"text": "[{\"studentId\":2,\"studentName\":\"Google 1111\"},{\"studentId\":3,\"studentName\":\"Google 1111\"},{\"studentId\":4,\"studentName\":\"Google 1111\"},{\"studentId\":5,\"studentName\":\"Google 1111\"}]",
					"responseCode": {
						"code": 200,
						"name": "OK",
						"detail": "Standard response for successful HTTP requests. The actual response will depend on the request method used. In a GET request, the response will contain an entity corresponding to the requested resource. In a POST request the response will contain an entity describing or containing the result of the action."
					},
					"requestObject": {
						"url": "http://localhost:8080/keshriapp/StudentEndpoint/",
						"pathVariableData": [],
						"queryParams": [],
						"headerData": [
							{
								"key": "Content-Type",
								"value": "application/json",
								"description": "",
								"enabled": true,
								"disabled": false
							}
						],
						"data": "{\n  \"studentId\": \"1\",\n  \"studentName\": \"Reshu\"\n}",
						"method": "GET",
						"dataMode": "raw"
					},
					"headers": [
						{
							"key": "Content-Length",
							"value": "177",
							"name": "Content-Length",
							"description": "The length of the response body in octets (8-bit bytes)"
						},
						{
							"key": "Content-Type",
							"value": "application/json",
							"name": "Content-Type",
							"description": "The mime type of this content"
						},
						{
							"key": "Date",
							"value": "Tue, 24 Apr 2018 18:44:06 GMT",
							"name": "Date",
							"description": "The date and time that the message was sent"
						}
					],
					"cookies": [],
					"request": "dfd097f7-6193-42e0-a3cc-6ff9d4aba85c",
					"collection": "86e08a04-ecb9-4037-9596-adb575adddfa"
				}
			],
			"rawModeData": "{\n  \"studentId\": \"1\",\n  \"studentName\": \"Reshu\"\n}",
			"headers": "Content-Type: application/json\n",
			"pathVariables": {}
		},
		{
			"id": "ffd7aa88-8334-489b-8761-0deece0dbd72",
			"name": "http://localhost:8080/keshriapp/StudentEndpoint/1",
			"url": "http://localhost:8080/keshriapp/StudentEndpoint/1",
			"description": "Update Student",
			"data": [],
			"dataMode": "raw",
			"headerData": [
				{
					"key": "Content-Type",
					"value": "application/json",
					"description": "",
					"enabled": true
				}
			],
			"method": "PUT",
			"pathVariableData": [],
			"queryParams": [],
			"auth": null,
			"events": null,
			"folder": null,
			"responses": [
				{
					"id": "96f734cc-e9b3-42a8-9159-d74d52dab5e2",
					"name": "http://localhost:8080/keshriapp/StudentEndpoint/1",
					"status": "",
					"mime": "",
					"language": "",
					"text": "",
					"responseCode": {
						"code": 200,
						"name": "OK"
					},
					"requestObject": {
						"url": "http://localhost:8080/keshriapp/StudentEndpoint/1",
						"pathVariableData": [],
						"queryParams": [],
						"headerData": [
							{
								"key": "Content-Type",
								"value": "application/json",
								"description": "",
								"enabled": true
							}
						],
						"data": "{\n  \"studentId\": \"1\",\n  \"studentName\": \"1111\"\n}",
						"method": "PUT",
						"dataMode": "raw"
					},
					"headers": [],
					"cookies": [],
					"request": "ffd7aa88-8334-489b-8761-0deece0dbd72",
					"collection": "86e08a04-ecb9-4037-9596-adb575adddfa"
				}
			],
			"rawModeData": "{\n  \"studentId\": \"1\",\n  \"studentName\": \"1111\"\n}",
			"headers": "Content-Type: application/json\n",
			"pathVariables": {}
		}
	]
}