{"properties": [
  {
    "name": "resilience4j.bulkhead.instances.bulkhead-service1.max-wait-duration",
    "type": "java.lang.String",
    "description": "A description for 'resilience4j.bulkhead.instances.bulkhead-service1.max-wait-duration'"
  },
  {
    "name": "resilience4j.bulkhead.instances.bulkhead-service1.maxConcurrentCall",
    "type": "java.lang.String",
    "description": "A description for 'resilience4j.bulkhead.instances.bulkhead-service1.maxConcurrentCall'"
  },
  {
    "name": "resilience4j.thread-pool-bulkhead.instances.bulkhead-service1.max-thread-pool-size",
    "type": "java.lang.String",
    "description": "A description for 'resilience4j.thread-pool-bulkhead.instances.bulkhead-service1.max-thread-pool-size'"
  },
  {
    "name": "resilience4j.thread-pool-bulkhead.instances.bulkhead-service1.coreThreadPoolSize",
    "type": "java.lang.String",
    "description": "A description for 'resilience4j.thread-pool-bulkhead.instances.bulkhead-service1.coreThreadPoolSize'"
  },
  {
    "name": "resilience4j.thread-pool-bulkhead.instances.bulkhead-service1.queueCapacity",
    "type": "java.lang.String",
    "description": "A description for 'resilience4j.thread-pool-bulkhead.instances.bulkhead-service1.queueCapacity'"
  }
]}